typosquatting_perpetrator,typosquatting_target,repository,detected,,,,,,,,,,,,
atlas-client,atlas_client,rubygems,yes,,overall,,,rubygems,,,pypi,,,npm,
appium-lib,appium_lib,rubygems,yes,,,,,,,,,,,,
action-mailer_cache_delivery,action_mailer_cache_delivery,rubygems,yes,,detected,882,,detected,721,,detected,10,,detected,151
activemodel_validators,activemodel-validators,rubygems,yes,,total,1001,,total,725,,total,18,,total,259
asciidoctor_bibliography,asciidoctor-bibliography,rubygems,yes,,,,,,,,,,,,
assets-pipeline,assets_pipeline,rubygems,yes,,detection rate,0.8811188811,,detection rate,0.9944827586,,detection rate,0.5555555556,,detection rate,0.583011583
apress_validators,apress-validators,rubygems,yes,,,,,,,,,,,,
ar_octopus-replication-tracking,ar-octopus-replication-tracking,rubygems,yes,,,,,,,,,,,,
aliyun-open_search,aliyun_open_search,rubygems,yes,,,,,,,,,,,,
aliyun-mns,aliyun_mns,rubygems,yes,,,,,,,,,,,,
ab_split,ab-split,rubygems,yes,,,,,,,,,,,,
apns-polite,apns_polite,rubygems,yes,,,,,,,,,,,,
alephant_publisher,alephant-publisher,rubygems,yes,,,,,,,,,,,,
alephant_publisher-queue,alephant-publisher-queue,rubygems,yes,,,,,,,,,,,,
alephant_publisher-request,alephant-publisher-request,rubygems,yes,,,,,,,,,,,,
abbyy_ruby,abbyy-ruby,rubygems,yes,,,,,,,,,,,,
accredible_api-ruby,accredible-api-ruby,rubygems,yes,,,,,,,,,,,,
accredible_ruby,accredible-ruby,rubygems,yes,,,,,,,,,,,,
adequate-serializer,adequate_serializer,rubygems,yes,,,,,,,,,,,,
algolia-places,algolia_places,rubygems,yes,,,,,,,,,,,,
ali-dayu,alidayu,rubygems,yes,,,,,,,,,,,,
alias-helper,alias_helper,rubygems,yes,,,,,,,,,,,,
alidns_ruby,alidns-ruby,rubygems,yes,,,,,,,,,,,,
access-lint,access_lint,rubygems,yes,,,,,,,,,,,,
aligned-table,aligned_table,rubygems,yes,,,,,,,,,,,,
alipay-dualfun,alipay_dualfun,rubygems,yes,,,,,,,,,,,,
accesslint_ci,accesslint-ci,rubygems,yes,,,,,,,,,,,,
ach-client,ach_client,rubygems,yes,,,,,,,,,,,,
acme_cli,acme-cli,rubygems,yes,,,,,,,,,,,,
ardm_validations,ardm-validations,rubygems,yes,,,,,,,,,,,,
alipay-escrow,alipay_escrow,rubygems,yes,,,,,,,,,,,,
action-links,action_links,rubygems,yes,,,,,,,,,,,,
banner-jobsub,banner_jobsub,rubygems,yes,,,,,,,,,,,,
actionmailer-inline_css,actionmailer_inline_css,rubygems,yes,,,,,,,,,,,,
actionview-link-to_blank,actionview-link_to_blank,rubygems,yes,,,,,,,,,,,,
actionview-link-to_block,actionview-link_to_block,rubygems,yes,,,,,,,,,,,,
adapter_sqlite3,adapter-sqlite3,rubygems,yes,,,,,,,,,,,,
active_profiling,active-profiling,rubygems,yes,,,,,,,,,,,,
active-subset-validator,active_subset_validator,rubygems,yes,,,,,,,,,,,,
active-admin-duplicatable,active_admin-duplicatable,rubygems,yes,,,,,,,,,,,,
aliyun_odps,aliyun-odps,rubygems,yes,,,,,,,,,,,,
aliyun_push,aliyun-push,rubygems,yes,,,,,,,,,,,,
aliyun_sdk-core,aliyunsdkcore,rubygems,yes,,,,,,,,,,,,
active-comparison_validator,active_comparison_validator,rubygems,yes,,,,,,,,,,,,
active-delivery,active_delivery,rubygems,yes,,,,,,,,,,,,
active-hash-like,active_hash-like,rubygems,yes,,,,,,,,,,,,
active-link_to,active_link_to,rubygems,yes,,,,,,,,,,,,
active-merchant_mollie,active_merchant_mollie,rubygems,yes,,,,,,,,,,,,
aliyun-live,aliyun_live,rubygems,yes,,,,,,,,,,,,
backbone_subroute-rails,backbone-subroute-rails,rubygems,yes,,,,,,,,,,,,
agnostic_duplicate,agnostic-duplicate,rubygems,yes,,,,,,,,,,,,
active-model_serializers-hash_wrapper,active_model_serializers-hash_wrapper,rubygems,yes,,,,,,,,,,,,
active-model_serializers-jsonapi_embedded_records_deserializer,active_model_serializers-jsonapi_embedded_records_deserializer,rubygems,yes,,,,,,,,,,,,
acts-as_splittable,acts_as_splittable,rubygems,yes,,,,,,,,,,,,
active-model_serializers_binary,active_model_serializers_binary,rubygems,yes,,,,,,,,,,,,
active-model_serializers_cancancan,active_model_serializers_cancancan,rubygems,yes,,,,,,,,,,,,
allscripts-unity_client,allscripts_unity_client,rubygems,yes,,,,,,,,,,,,
acts-as_publishable,acts_as_publishable,rubygems,yes,,,,,,,,,,,,
active-model_serializers_validator,active_model_serializers_validator,rubygems,yes,,,,,,,,,,,,
amplitude_api,amplitude-api,rubygems,yes,,,,,,,,,,,,
active-model_validates_intersection_of,active_model_validates_intersection_of,rubygems,yes,,,,,,,,,,,,
active-model_validators_ex,active_model_validators_ex,rubygems,yes,,,,,,,,,,,,
active-public_resources,active_public_resources,rubygems,yes,,,,,,,,,,,,
active-publisher,active_publisher,rubygems,yes,,,,,,,,,,,,
active-record_fix_integer_limit,active_record_fix_integer_limit,rubygems,yes,,,,,,,,,,,,
active-record_inline_schema,active_record_inline_schema,rubygems,yes,,,,,,,,,,,,
active-record_lite,active_record_lite,rubygems,yes,,,,,,,,,,,,
active-record_serialize_json,active_record_serialize_json,rubygems,yes,,,,,,,,,,,,
android_command-line-tools,android-command-line-tools,rubygems,yes,,,,,,,,,,,,
active-replicas,active_replicas,rubygems,yes,,,,,,,,,,,,
android-lint_translate_checkstyle_format,android_lint_translate_checkstyle_format,rubygems,yes,,,,,,,,,,,,
active-scaffold_config_list_vho,active_scaffold_config_list_vho,rubygems,yes,,,,,,,,,,,,
active-serializer,active_serializer,rubygems,yes,,,,,,,,,,,,
active-support_alias_class_method,active_support_alias_class_method,rubygems,yes,,,,,,,,,,,,
acts-as_list_with_sti_support,acts_as_list_with_sti_support,rubygems,yes,,,,,,,,,,,,
acts-as_liked,acts_as_liked,rubygems,yes,,,,,,,,,,,,
acts-as_likeable,acts_as_likeable,rubygems,yes,,,,,,,,,,,,
activeadmin_mongoid-localize,activeadmin-mongoid-localize,rubygems,yes,,,,,,,,,,,,
activeadmin-globalize_inputs,activeadmin_globalize_inputs,rubygems,yes,,,,,,,,,,,,
apache-sling_api_client,apache_sling_api_client,rubygems,yes,,,,,,,,,,,,
auto-localize,auto_localize,rubygems,yes,,,,,,,,,,,,
auto-flick,auto_flick,rubygems,yes,,,,,,,,,,,,
auto-click,auto_click,rubygems,yes,,,,,,,,,,,,
api-client_builder,api_client_builder,rubygems,yes,,,,,,,,,,,,
activemerchant_clickandbuy,activemerchant-clickandbuy,rubygems,yes,,,,,,,,,,,,
activemerchant_payline,active_merchant_payline,rubygems,yes,,,,,,,,,,,,
api-geo_client,api_geo_client,rubygems,yes,,,,,,,,,,,,
activerecord-json_validator,activerecord_json_validator,rubygems,yes,,,,,,,,,,,,
aker-cas-cli,aker-cas_cli,rubygems,yes,,,,,,,,,,,,
attr-validator,attr_validator,rubygems,yes,,,,,,,,,,,,
age-validator,age_validator,rubygems,yes,,,,,,,,,,,,
activerecord-globalize,activerecord_globalize,rubygems,yes,,,,,,,,,,,,
agave_client,agave-client,rubygems,yes,,,,,,,,,,,,
apple_news-client,apple-news-client,rubygems,yes,,,,,,,,,,,,
apple-class_client,apple_class_client,rubygems,yes,,,,,,,,,,,,
apple-dep_client,apple_dep_client,rubygems,yes,,,,,,,,,,,,
application-digester,application_digester,rubygems,yes,,,,,,,,,,,,
ae-validates-timeliness,ae-validates_timeliness,rubygems,yes,,,,,,,,,,,,
application-insights,application_insights,rubygems,yes,,,,,,,,,,,,
application-seeds,application_seeds,rubygems,yes,,,,,,,,,,,,
active-subset_validator,active_subset_validator,rubygems,yes,,,,,,,,,,,,
aptible_cli,aptible-cli,rubygems,yes,,,,,,,,,,,,
asset-pipeline_i18n,asset_pipeline_i18n,rubygems,yes,,,,,,,,,,,,
aptly-cli,aptly_cli,rubygems,yes,,,,,,,,,,,,
adyen_ruby-api-library,adyen-ruby-api-library,rubygems,yes,,,,,,,,,,,,
asset-host_client,asset_host_client,rubygems,yes,,,,,,,,,,,,
advisors-command_client,advisors_command_client,rubygems,yes,,,,,,,,,,,,
activerecord-database-validations,activerecord-database_validations,rubygems,yes,,,,,,,,,,,,
activerecord_databasevalidations,activerecord-databasevalidations,rubygems,yes,,,,,,,,,,,,
ar_serialize-helpers,ar-serialize-helpers,rubygems,yes,,,,,,,,,,,,
activerecord_duplicate,activerecord-duplicate,rubygems,yes,,,,,,,,,,,,
aspose-slides_cloud,aspose_slides_cloud,rubygems,yes,,,,,,,,,,,,
asciidoctor_pdf-linewrap-ja,asciidoctor-pdf-linewrap-ja,rubygems,yes,,,,,,,,,,,,
address-validate,address_validate,rubygems,yes,,,,,,,,,,,,
arabic-normalizer,arabic_normalizer,rubygems,yes,,,,,,,,,,,,
archivist_client,archivist-client,rubygems,yes,,,,,,,,,,,,
array-xml-serialization,array-xml_serialization,rubygems,yes,,,,,,,,,,,,
argentinian_validations,argentinian-validations,rubygems,yes,,,,,,,,,,,,
ardm_serializer,ardm-serializer,rubygems,yes,,,,,,,,,,,,
acme_client,acme-client,rubygems,yes,,,,,,,,,,,,
activerecord_denormalize,activerecord-denormalize,rubygems,yes,,,,,,,,,,,,
arethusa_cli,arethusa-cli,rubygems,yes,,,,,,,,,,,,
ardm_sqlite-adapter,ardm-sqlite-adapter,rubygems,yes,,,,,,,,,,,,
arethusa_client,arethusa-client,rubygems,yes,,,,,,,,,,,,
artoo_crazyflie,artoo-crazyflie,rubygems,yes,,,,,,,,,,,,
action-cable_subscription_adapter,action_cable_subscription_adapter,rubygems,yes,,,,,,,,,,,,
action-pubsub,action_pubsub,rubygems,yes,,,,,,,,,,,,
action-subscriber,action_subscriber,rubygems,yes,,,,,,,,,,,,
acts-as_subscribable,acts_as_subscribable,rubygems,yes,,,,,,,,,,,,
after-the_deadline,after_the_deadline,rubygems,yes,,,,,,,,,,,,
ajax-submit_rails,ajax_submit_rails,rubygems,yes,,,,,,,,,,,,
assembly_client,assembly-client,rubygems,yes,,,,,,,,,,,,
assemblyline_ruby,assemblyline-ruby,rubygems,yes,,,,,,,,,,,,
array_subindex,array-subindex,rubygems,yes,,,,,,,,,,,,
asset-symlink,asset_symlink,rubygems,yes,,,,,,,,,,,,
aws-sns_subscription,aws_sns_subscription,rubygems,yes,,,,,,,,,,,,
approval_ratings-cli-app,approval-ratings-cli-app,rubygems,yes,,,,,,,,,,,,
campaign-monitor_subscriber,campaign_monitor_subscriber,rubygems,yes,,,,,,,,,,,,
activerecord_like,activerecord-like,rubygems,yes,,,,,,,,,,,,
applicious-utils,applicious_utils,rubygems,yes,,,,,,,,,,,,
assets-live_compile,assets_live_compile,rubygems,yes,,,,,,,,,,,,
activerecord-msgpack-serializer,activerecord-msgpack_serializer,rubygems,yes,,,,,,,,,,,,
abbyy_cloud,abbyy-cloud,rubygems,yes,,,,,,,,,,,,
abn-validator,abn_validator,rubygems,yes,,,,,,,,,,,,
alias-class,alias_class,rubygems,yes,,,,,,,,,,,,
applicaster_logger,applicaster-logger,rubygems,yes,,,,,,,,,,,,
applicant-tracking_api,applicant_tracking_api,rubygems,yes,,,,,,,,,,,,
acception_client,acception-client,rubygems,yes,,,,,,,,,,,,
aliyun_mqs,aliyun-mqs,rubygems,yes,,,,,,,,,,,,
active_model-email-validator,active-model-email-validator,rubygems,yes,,,,,,,,,,,,
active-admin_filters_visibility,active_admin_filters_visibility,rubygems,yes,,,,,,,,,,,,
active-application,active_application,rubygems,yes,,,,,,,,,,,,
active-model_serializer_plus,active_model_serializer_plus,rubygems,yes,,,,,,,,,,,,
activerecord-rescue-from_duplicate,activerecord-rescue_from_duplicate,rubygems,yes,,,,,,,,,,,,
active-model_serializers-matchers,active_model_serializers_matchers,rubygems,yes,,,,,,,,,,,,
address-validator,address_validator,rubygems,yes,,,,,,,,,,,,
attribute-normalizer-extras,attribute_normalizer-extras,rubygems,yes,,,,,,,,,,,,
audiobank_client,audiobank-client,rubygems,yes,,,,,,,,,,,,
allq-client,allq_client,rubygems,yes,,,,,,,,,,,,
active-model_serializers_matchers,active_model_serializers_matchers,rubygems,yes,,,,,,,,,,,,
amazon_kinesis-client-ruby,amazon-kinesis-client-ruby,rubygems,yes,,,,,,,,,,,,
activerecord-strict_validations,activerecord_strict_validations,rubygems,yes,,,,,,,,,,,,
acts-as_commentable_with_replies,acts_as_commentable_with_replies,rubygems,yes,,,,,,,,,,,,
acts-as_journalized,acts_as_journalized,rubygems,yes,,,,,,,,,,,,
amplifypay-ruby,amplifypay_ruby,rubygems,yes,,,,,,,,,,,,
active-model_type_validator,active_model_type_validator,rubygems,yes,,,,,,,,,,,,
auto-scaling_methods,auto_scaling_methods,rubygems,yes,,,,,,,,,,,,
apache-felix_webconsole_client,apache_felix_webconsole_client,rubygems,yes,,,,,,,,,,,,
apache-felix_api_client,apache_felix_api_client,rubygems,yes,,,,,,,,,,,,
active-replica,active_replica,rubygems,yes,,,,,,,,,,,,
active-validator,active_validator,rubygems,yes,,,,,,,,,,,,
active-rest_client,active_rest_client,rubygems,yes,,,,,,,,,,,,
active-validation,activevalidation,rubygems,yes,,,,,,,,,,,,
ansible-tower_client,ansible_tower_client,rubygems,yes,,,,,,,,,,,,
angular-form_validation,angular_form_validation,rubygems,yes,,,,,,,,,,,,
angular_turbolinks,angular-turbolinks,rubygems,yes,,,,,,,,,,,,
android-string_resources_validator,android_string_resources_validator,rubygems,yes,,,,,,,,,,,,
access-policy,access_policy,rubygems,yes,,,,,,,,,,,,
any_validate,any-validate,rubygems,yes,,,,,,,,,,,,
acts-as_multilingual,acts_as_multilingual,rubygems,yes,,,,,,,,,,,,
ActiveAdmin_Globalize3-inputs,ActiveAdmin-Globalize3-inputs,rubygems,yes,,,,,,,,,,,,
authenticator_client,authenticator-client,rubygems,yes,,,,,,,,,,,,
activemerchant-banklink,activemerchant_banklink,rubygems,yes,,,,,,,,,,,,
apiotics-aws_client,apiotics_aws_client,rubygems,yes,,,,,,,,,,,,
ama-validators,ama_validators,rubygems,yes,,,,,,,,,,,,
active-model_serializers_pg,active_model_serializers_pg,rubygems,yes,,,,,,,,,,,,
apiotics-aws_iot_client,apiotics-aws-iot-client,rubygems,yes,,,,,,,,,,,,
apitool_client,apitool-client,rubygems,yes,,,,,,,,,,,,
acts-as_read_only_i18n_localised,acts_as_read_only_i18n_localised,rubygems,yes,,,,,,,,,,,,
activerecord-safe-initialize,activerecord-safe_initialize,rubygems,yes,,,,,,,,,,,,
aliyun-ruby_api,aliyun_ruby_api,rubygems,yes,,,,,,,,,,,,
appfigures-client,appfigures_client,rubygems,yes,,,,,,,,,,,,
active-model_policy,active_model_policy,rubygems,yes,,,,,,,,,,,,
active-model-permalink,active_model-permalink,rubygems,yes,,,,,,,,,,,,
aliyun_slb,aliyun-slb,rubygems,yes,,,,,,,,,,,,
appium-doc_lint,appium_doc_lint,rubygems,yes,,,,,,,,,,,,
aliyun_rds,aliyun-rds,rubygems,yes,,,,,,,,,,,,
active-admin_globalize3_locale_selector,active_admin_globalize3_locale_selector,rubygems,yes,,,,,,,,,,,,
activemodel-behavior-validator,activemodel-behavior_validator,rubygems,yes,,,,,,,,,,,,
at_validations,at-validations,rubygems,yes,,,,,,,,,,,,
astroboa_cli,astroboa-cli,rubygems,yes,,,,,,,,,,,,
aliyun_mq-sdk,aliyun-mq-sdk,rubygems,yes,,,,,,,,,,,,
alive-state,alive_state,rubygems,yes,,,,,,,,,,,,
aliseeks-api,aliseeks_api,rubygems,yes,,,,,,,,,,,,
alipay-global,alipay_global,rubygems,yes,,,,,,,,,,,,
act-as_serializable,act_as_serializable,rubygems,yes,,,,,,,,,,,,
access-policy_rails,access_policy_rails,rubygems,yes,,,,,,,,,,,,
acts-as_localized,acts_as_localized,rubygems,yes,,,,,,,,,,,,
accepts-nested_serialized_attributes,accepts_nested_serialized_attributes,rubygems,yes,,,,,,,,,,,,
alidayu-api,alidayu_api,rubygems,yes,,,,,,,,,,,,
alias-to_method,alias_to_method,rubygems,yes,,,,,,,,,,,,
alias-scope,alias_scope,rubygems,yes,,,,,,,,,,,,
alias-metrics,alias_metrics,rubygems,yes,,,,,,,,,,,,
activemodel-email-address_validator,activemodel-email_address_validator,rubygems,yes,,,,,,,,,,,,
application-config,application_config,rubygems,yes,,,,,,,,,,,,
ali-mns,ali_mns,rubygems,yes,,,,,,,,,,,,
association-validator,association_validator,rubygems,yes,,,,,,,,,,,,
ability-list,ability_list,rubygems,yes,,,,,,,,,,,,
activemodel-immutable-validator,activemodel-immutable_validator,rubygems,yes,,,,,,,,,,,,
capistrano-scm-git-with_submodule_and_resolv_symlinks,capistrano-scm-git_with_submodule_and_resolv_symlinks,rubygems,yes,,,,,,,,,,,,
capistrano_copy-subdir,capistrano-copy-subdir,rubygems,yes,,,,,,,,,,,,
adb_sdklib,adb-sdklib,rubygems,yes,,,,,,,,,,,,
alacrity-client,alacrity_client,rubygems,yes,,,,,,,,,,,,
activerecord_jdbcsplice-adapter,activerecord-jdbcsplice-adapter,rubygems,yes,,,,,,,,,,,,
assets_publisher-for-hanami,assets-publisher-for-hanami,rubygems,yes,,,,,,,,,,,,
agile_cli,agile-cli,rubygems,yes,,,,,,,,,,,,
activemodel-ipaddr-validator,activemodel-ipaddr_validator,rubygems,yes,,,,,,,,,,,,
activerecord_implicit-order,activerecord-implicit-order,rubygems,yes,,,,,,,,,,,,
activerecord-forbid-implicit_connection_checkout,activerecord-forbid_implicit_connection_checkout,rubygems,yes,,,,,,,,,,,,
ar-lightning,ar_lightning,rubygems,yes,,,,,,,,,,,,
assembla-cli,assembla_cli,rubygems,yes,,,,,,,,,,,,
asana_cli,asana-cli,rubygems,yes,,,,,,,,,,,,
archive-lister,archive_lister,rubygems,yes,,,,,,,,,,,,
adn_cli,adn-cli,rubygems,yes,,,,,,,,,,,,
administrate_field-paperclip,administrate-field-paperclip,rubygems,yes,,,,,,,,,,,,
administrate_field-mobility,administrate-field-mobility,rubygems,yes,,,,,,,,,,,,
acception_subscriber,acception-subscriber,rubygems,yes,,,,,,,,,,,,
activemodel-base64-validator,activemodel-base64_validator,rubygems,yes,,,,,,,,,,,,
addy-caddy_client,addy_caddy_client,rubygems,yes,,,,,,,,,,,,
adtech_api-client,adtech-api-client,rubygems,yes,,,,,,,,,,,,
addons_client,addons-client,rubygems,yes,,,,,,,,,,,,
alcatraz_client,alcatraz-client,rubygems,yes,,,,,,,,,,,,
aliyun_mts,aliyun-mts,rubygems,yes,,,,,,,,,,,,
aliyun-sls,aliyun_sls,rubygems,yes,,,,,,,,,,,,
aliyun-sls_sdk,aliyun_sls_sdk,rubygems,yes,,,,,,,,,,,,
also-validates,also_validates,rubygems,yes,,,,,,,,,,,,
acts-as_publicable,acts_as_publicable,rubygems,yes,,,,,,,,,,,,
android_publisher,android-publisher,rubygems,yes,,,,,,,,,,,,
angel-list,angel_list,rubygems,yes,,,,,,,,,,,,
answers_ruby-client,answers-ruby-client,rubygems,yes,,,,,,,,,,,,
anything_slider,anything-slider,rubygems,yes,,,,,,,,,,,,
anything-slider_rails,anything_slider_rails,rubygems,yes,,,,,,,,,,,,
active-pubsub,active_pubsub,rubygems,yes,,,,,,,,,,,,
capistrano_scm-gitsubmodules,N/A,rubygems,no,,,,,,,,,,,,
ability-engine,ability_engine,rubygems,yes,,,,,,,,,,,,
apn-client,apn_client,rubygems,yes,,,,,,,,,,,,
apocalypse_client,apocalypse-client,rubygems,yes,,,,,,,,,,,,
activerecord-serialize-coders,activerecord-serialize_coders,rubygems,yes,,,,,,,,,,,,
apod_cli,apod-cli,rubygems,yes,,,,,,,,,,,,
app_cli,app-cli,rubygems,yes,,,,,,,,,,,,
activerecord_publishable,activerecord-publishable,rubygems,yes,,,,,,,,,,,,
application-module,application_module,rubygems,yes,,,,,,,,,,,,
activerecord_locking-symbolic,activerecord-locking-symbolic,rubygems,yes,,,,,,,,,,,,
ace_client-ext,ace-client-ext,rubygems,yes,,,,,,,,,,,,
applied-css,applied_css,rubygems,yes,,,,,,,,,,,,
ar-database_duplicator,ar_database_duplicator,rubygems,yes,,,,,,,,,,,,
ar-json_serialize,ar_json_serialize,rubygems,yes,,,,,,,,,,,,
ar-publish_control,ar_publish_control,rubygems,yes,,,,,,,,,,,,
area-code_validator,area_code_validator,rubygems,yes,,,,,,,,,,,,
assemblyline_cli,assemblyline-cli,rubygems,yes,,,,,,,,,,,,
assemblyline_formatter,assemblyline-formatter,rubygems,yes,,,,,,,,,,,,
active-model_version_serializers,active_model_version_serializers,rubygems,yes,,,,,,,,,,,,
activemodel-url-validator,activemodel-url_validator,rubygems,yes,,,,,,,,,,,,
asset-pipeline,asset_pipeline,rubygems,yes,,,,,,,,,,,,
actionmailer-localized-preview,actionmailer-localized_preview,rubygems,yes,,,,,,,,,,,,
active-model-attributes_validation,active_model-attributes_validation,rubygems,yes,,,,,,,,,,,,
activemodel-can-validator,activemodel-can_validator,rubygems,yes,,,,,,,,,,,,
at-least_one_existence_validator,at_least_one_existence_validator,rubygems,yes,,,,,,,,,,,,
atacama-client,atacama_client,rubygems,yes,,,,,,,,,,,,
auth_transis-client,auth-transis-client,rubygems,yes,,,,,,,,,,,,
auth-client,authclient,rubygems,yes,,,,,,,,,,,,
authenticated-client,authenticated_client,rubygems,yes,,,,,,,,,,,,
auto-validate,auto_validate,rubygems,yes,,,,,,,,,,,,
active-model_serializers-cancan,active_model_serializers-cancan,rubygems,yes,,,,,,,,,,,,
asset-link,asset_link,rubygems,yes,,,,,,,,,,,,
assets-offline,assets_offline,rubygems,yes,,,,,,,,,,,,
3scale-client,3scale_client,rubygems,yes,,,,,,,,,,,,
apigee-cli,apigee_cli,rubygems,yes,,,,,,,,,,,,
asterisk_ari-client,asterisk-ari-client,rubygems,yes,,,,,,,,,,,,
capistrano_auth-subscriber,capistrano-auth-subscriber,rubygems,yes,,,,,,,,,,,,
apidone_client,apidone-client,rubygems,yes,,,,,,,,,,,,
applidget_oauth2,applidget-oauth2,rubygems,yes,,,,,,,,,,,,
capistrano_rails-subdir,capistrano-rails-subdir,rubygems,yes,,,,,,,,,,,,
apibanca_client,apibanca-client,rubygems,yes,,,,,,,,,,,,
a1409yo-health,a1409yo_health,rubygems,yes,,,,,,,,,,,,
acmesmith_designate,acmesmith-designate,rubygems,yes,,,,,,,,,,,,
a1408nw-Ounennhei,a1408nw_Ounennhei,rubygems,yes,,,,,,,,,,,,
abbreviated-methods,abbreviated_methods,rubygems,yes,,,,,,,,,,,,
acmesmith_ns1,acmesmith-ns1,rubygems,yes,,,,,,,,,,,,
aastra-xml_api,aastra_xml_api,rubygems,yes,,,,,,,,,,,,
a1447ll-hpbd,a1447ll_hpbd,rubygems,yes,,,,,,,,,,,,
act-as_enumerable,act_as_enumerable,rubygems,yes,,,,,,,,,,,,
acme_smileage,acme-smileage,rubygems,yes,,,,,,,,,,,,
a15z8my-name,a15z8my_name,rubygems,yes,,,,,,,,,,,,
action-meta_tags,action_meta_tags,rubygems,yes,,,,,,,,,,,,
act-as_time_as_boolean,act_as_time_as_boolean,rubygems,yes,,,,,,,,,,,,
abstract-api_wrapper,abstract_api_wrapper,rubygems,yes,,,,,,,,,,,,
acme_pki,acme-pki,rubygems,yes,,,,,,,,,,,,
acmesmith_verisign,acmesmith-verisign,rubygems,yes,,,,,,,,,,,,
abiquo_api,abiquo-api,rubygems,yes,,,,,,,,,,,,
acmesmith_google-cloud-dns,acmesmith-google-cloud-dns,rubygems,yes,,,,,,,,,,,,
acmesmith_google-cloud-storage,acmesmith-google-cloud-storage,rubygems,yes,,,,,,,,,,,,
active-merchant-mollie,active_merchant_mollie,rubygems,yes,,,,,,,,,,,,
rack_envinspector,rack-envinspector,rubygems,yes,,,,,,,,,,,,
edmunds-vin,edmunds_vin,rubygems,yes,,,,,,,,,,,,
deriving-license,deriving_license,rubygems,yes,,,,,,,,,,,,
comic-vine,comicvine,rubygems,yes,,,,,,,,,,,,
act-as_nameable,act_as_nameable,rubygems,yes,,,,,,,,,,,,
a15666011-konagayoshi,a15666011_konagayoshi,rubygems,yes,,,,,,,,,,,,
rails_test-serving,rails-test-serving,rubygems,yes,,,,,,,,,,,,
a1548sy-yamamoto,a1548sy_yamamoto,rubygems,yes,,,,,,,,,,,,
seeing-is_believing,seeing_is_believing,rubygems,yes,,,,,,,,,,,,
a1539kh-calculator,a1539kh_calculator,rubygems,yes,,,,,,,,,,,,
omniauth_marvin,omniauth-marvin,rubygems,yes,,,,,,,,,,,,
acme-base64-hexagrams,acme-base64_hexagrams,rubygems,yes,,,,,,,,,,,,
twitter_vine,twitter-vine,rubygems,yes,,,,,,,,,,,,
aai10_mechanize,aai10-mechanize,rubygems,yes,,,,,,,,,,,,
1-as_identity_function,1_as_identity_function,rubygems,yes,,,,,,,,,,,,
em_synchrony-dataone-vin,em-synchrony-dataone-vin,rubygems,yes,,,,,,,,,,,,
divining-rod,divining_rod,rubygems,yes,,,,,,,,,,,,
moving-images,moving_images,rubygems,yes,,,,,,,,,,,,
a-stupid_test_gem,a_stupid_test_gem,rubygems,yes,,,,,,,,,,,,
jmcnevin-rghost-barcode,jmcnevin-rghost_barcode,rubygems,yes,,,,,,,,,,,,
a1426kt-prime-number,a1426kt_prime_number,rubygems,yes,,,,,,,,,,,,
3scale-time_range,3scale_time_range,rubygems,yes,,,,,,,,,,,,
a1521hk-minitest_practice,a1521hk_minitest_practice,rubygems,yes,,,,,,,,,,,,
a1426kt-prime_number,a1426kt_prime_number,rubygems,yes,,,,,,,,,,,,
aastra-xml-api,aastra_xml_api,rubygems,yes,,,,,,,,,,,,
acme_heisenberg,acme-heisenberg,rubygems,yes,,,,,,,,,,,,
acme_bleach,acme-bleach,rubygems,yes,,,,,,,,,,,,
absa_notify-me,absa-notify-me,rubygems,yes,,,,,,,,,,,,
vagrant_hvinfo,vagrant-hvinfo,rubygems,yes,,,,,,,,,,,,
moving-average,moving_average,rubygems,yes,,,,,,,,,,,,
action-parameter,action_parameter,rubygems,yes,,,,,,,,,,,,
nhtsa-vin,nhtsa_vin,rubygems,yes,,,,,,,,,,,,
a-special_day,a_special_day,rubygems,yes,,,,,,,,,,,,
movingsign-api,movingsign_api,rubygems,yes,,,,,,,,,,,,
a14z6ch-elapsed_days,a14z6ch_elapsed_days,rubygems,yes,,,,,,,,,,,,
a-stupid-test_gem,a_stupid_test_gem,rubygems,yes,,,,,,,,,,,,
living-dead,living_dead,rubygems,yes,,,,,,,,,,,,
ab-panel,ab_panel,rubygems,yes,,,,,,,,,,,,
kevins-propietary_brain,kevins_propietary_brain,rubygems,yes,,,,,,,,,,,,
acme_leeway,acme-leeway,rubygems,yes,,,,,,,,,,,,
indonesian-province,indonesian_province,rubygems,yes,,,,,,,,,,,,
gimme-vins,gimme_vins,rubygems,yes,,,,,,,,,,,,
hello-kelvinst,hello_kelvinst,rubygems,yes,,,,,,,,,,,,
galvinhsiu-active-cart,galvinhsiu-active_cart,rubygems,yes,,,,,,,,,,,,
aasm-ohm_persistence,aasm_ohm_persistence,rubygems,yes,,,,,,,,,,,,
first-giving_api,first_giving_api,rubygems,yes,,,,,,,,,,,,
3scale-time-range,3scale_time_range,rubygems,yes,,,,,,,,,,,,
kevin-thompson,kevin_thompson,rubygems,yes,,,,,,,,,,,,
mars-rover_alvin,mars_rover_alvin,rubygems,yes,,,,,,,,,,,,
devino-sms,devino_sms,rubygems,yes,,,,,,,,,,,,
bitmovin_api,bitmovin-api,rubygems,yes,,,,,,,,,,,,
moving-words,moving_words,rubygems,yes,,,,,,,,,,,,
actioncontroller-parameter-filter,actioncontroller-parameter_filter,rubygems,yes,,,,,,,,,,,,
multi-movingsign,multi_movingsign,rubygems,yes,,,,,,,,,,,,
abbish-sequel_plugins,abbish_sequel_plugins,rubygems,yes,,,,,,,,,,,,
forgiving-nil,forgiving_nil,rubygems,yes,,,,,,,,,,,,
37_pieces-of-flair,37-pieces-of-flair,rubygems,yes,,,,,,,,,,,,
3months-staff_schedule,3months_staff_schedule,rubygems,yes,,,,,,,,,,,,
99designs_tasks,99designs-tasks,rubygems,yes,,,,,,,,,,,,
a1510jy-bmi,a1510jy_bmi,rubygems,yes,,,,,,,,,,,,
a1520mk-exercise4,a1520mk_exercise4,rubygems,yes,,,,,,,,,,,,
aasm-active-fedora,aasm-active_fedora,rubygems,yes,,,,,,,,,,,,
a1501da-birthday,a1501da_birthday,rubygems,yes,,,,,,,,,,,,
aasm-history,aasm_history,rubygems,yes,,,,,,,,,,,,
a1508ki-ika,a1508ki_ika,rubygems,yes,,,,,,,,,,,,
a15745105-ichinoki,a15745105_ichinoki,rubygems,yes,,,,,,,,,,,,
a1616ts-gem,a1616ts_gem,rubygems,yes,,,,,,,,,,,,
a1624-bmi,a1624_bmi,rubygems,yes,,,,,,,,,,,,
a1535yt-gem,a1535yt_gem,rubygems,yes,,,,,,,,,,,,
a1447ll-mini_test,a1447ll_mini_test,rubygems,yes,,,,,,,,,,,,
a1630ty-a1630ty,a1630ty_a1630ty,rubygems,yes,,,,,,,,,,,,
a1521hk-age,a1521hk_age,rubygems,yes,,,,,,,,,,,,
a1632ma-ano,a1632ma_ano,rubygems,yes,,,,,,,,,,,,
a15745105-ichinokii,a15745105_ichinokii,rubygems,yes,,,,,,,,,,,,
a15z7kn-niitsuma_2016_gem,a15z7kn_niitsuma_2016_gem,rubygems,yes,,,,,,,,,,,,
a-special-day,a_special_day,rubygems,yes,,,,,,,,,,,,
a1521hk-minitest-practice,a1521hk_minitest_practice,rubygems,yes,,,,,,,,,,,,
a14z6ch-elapsed-days,a14z6ch_elapsed_days,rubygems,yes,,,,,,,,,,,,
a1439ty-bmiV3,a1439ty_bmiV3,rubygems,yes,,,,,,,,,,,,
a1420ks-bmi,a1420ks_bmi,rubygems,yes,,,,,,,,,,,,
a1412tk-bmi,a1412tk_bmi,rubygems,yes,,,,,,,,,,,,
allocation-stats,allocation_stats,rubygems,yes,,,,,,,,,,,,
alerty-plugin-datadog-event,alerty-plugin-datadog_event,rubygems,yes,,,,,,,,,,,,
1-as-identity_function,1_as_identity_function,rubygems,yes,,,,,,,,,,,,
alexa-plugin_generator,alexa_plugin_generator,rubygems,yes,,,,,,,,,,,,
a1437ky-bmi3,a1437ky_bmi3,rubygems,yes,,,,,,,,,,,,
fluent_plugin-stats,fluent-plugin-stats,rubygems,yes,,,,,,,,,,,,
a1330ks-bmi,a1330ks_bmi,rubygems,yes,,,,,,,,,,,,
active-record_stats,active_record_stats,rubygems,yes,,,,,,,,,,,,
foot-stats,foot_stats,rubygems,yes,,,,,,,,,,,,
a1447ll-test,a1447ll_test,rubygems,yes,,,,,,,,,,,,
active-scaffold_batch_vho,active_scaffold_batch_vho,rubygems,yes,,,,,,,,,,,,
airbrake_statsd,airbrake-statsd,rubygems,yes,,,,,,,,,,,,
belong_plugin-rds-pgsql-log,belong-plugin-rds-pgsql-log,rubygems,yes,,,,,,,,,,,,
cocoapods_fixbugs-plugin,cocoapods-fixbugs-plugin,rubygems,yes,,,,,,,,,,,,
a_test-gem,a-test-gem,rubygems,yes,,,,,,,,,,,,
autoproj_stats,autoproj-stats,rubygems,yes,,,,,,,,,,,,
arproxy-plugin-mysql-casual_log,arproxy-plugin-mysql_casual_log,rubygems,yes,,,,,,,,,,,,
gamer-stats,gamer_stats,rubygems,yes,,,,,,,,,,,,
bunto-test_plugin,bunto_test_plugin,rubygems,yes,,,,,,,,,,,,
chef_handler-statsd,chef-handler-statsd,rubygems,yes,,,,,,,,,,,,
codestats_metrics-reporter,codestats-metrics-reporter,rubygems,yes,,,,,,,,,,,,
atlassian-plugin_installer,atlassian_plugin_installer,rubygems,yes,,,,,,,,,,,,
apptuit_fluent-plugin,apptuit-fluent-plugin,rubygems,yes,,,,,,,,,,,,
admiral-stats_parser,admiral_stats_parser,rubygems,yes,,,,,,,,,,,,
education-stats,education_stats,rubygems,yes,,,,,,,,,,,,
bunto-test_plugin_malicious,bunto_test_plugin_malicious,rubygems,yes,,,,,,,,,,,,
em_statsd-ruby,em-statsd-ruby,rubygems,yes,,,,,,,,,,,,
emque_stats,emque-stats,rubygems,yes,,,,,,,,,,,,
fluent_plugin-datadog-statsd,fluent-plugin-datadog-statsd,rubygems,yes,,,,,,,,,,,,
commonmarker_pluggable,commonmarker-pluggable,rubygems,yes,,,,,,,,,,,,
halo-stats,halo_stats,rubygems,yes,,,,,,,,,,,,
active-redis_stats,active_redis_stats,rubygems,yes,,,,,,,,,,,,
blade-sauce-labs_plugin,blade-sauce_labs_plugin,rubygems,yes,,,,,,,,,,,,
github_org-stats,github-org-stats,rubygems,yes,,,,,,,,,,,,
fluent_plugin-statsd,fluent-plugin-statsd,rubygems,yes,,,,,,,,,,,,
fluent_plugin-statsd-event,fluent-plugin-statsd-event,rubygems,yes,,,,,,,,,,,,
cap_drupal-multisite,cap-drupal-multisite,rubygems,yes,,,,,,,,,,,,
arctica_autorization-rails-plugin,arctica-autorization-rails-plugin,rubygems,yes,,,,,,,,,,,,
gitstats_rb,gitstats-rb,rubygems,yes,,,,,,,,,,,,
dradis_nmap,dradis-nmap,rubygems,yes,,,,,,,,,,,,
get-stats,get_stats,rubygems,yes,,,,,,,,,,,,
fluent_plugin-statsd-output,fluent-plugin-statsd-output,rubygems,yes,,,,,,,,,,,,
fluent_plugin-stats-notifier,fluent-plugin-stats-notifier,rubygems,yes,,,,,,,,,,,,
github_release-stats,github-release-stats,rubygems,yes,,,,,,,,,,,,
fluent-plugin-haproxy-stats,fluent-plugin-haproxy_stats,rubygems,yes,,,,,,,,,,,,
gitstats_ruby,gitstats-ruby,rubygems,yes,,,,,,,,,,,,
wordify-stuckiest,wordify_stuckiest,rubygems,yes,,,,,,,,,,,,
fluent_plugin-dogstatsd,fluent-plugin-dogstatsd,rubygems,yes,,,,,,,,,,,,
jenkins-statsd,jenkins_statsd,rubygems,yes,,,,,,,,,,,,
alerty-plugin-amazon-sns,alerty-plugin-amazon_sns,rubygems,yes,,,,,,,,,,,,
em_statsd,em-statsd,rubygems,yes,,,,,,,,,,,,
alerty_plugin-ikachan,alerty-plugin-ikachan,rubygems,yes,,,,,,,,,,,,
alerty_plugin-mail,alerty-plugin-mail,rubygems,yes,,,,,,,,,,,,
alerty_plugin-slack,alerty-plugin-slack,rubygems,yes,,,,,,,,,,,,
danger_apkstats,danger-apkstats,rubygems,yes,,,,,,,,,,,,
contributors-stats,contributors_stats,rubygems,yes,,,,,,,,,,,,
active-model-password,active_model-password,rubygems,yes,,,,,,,,,,,,
activeadmin-jfu_upload,activeadmin_jfu_upload,rubygems,yes,,,,,,,,,,,,
acts-as_explorable,acts_as_explorable,rubygems,yes,,,,,,,,,,,,
claide_plugins,claide-plugins,rubygems,yes,,,,,,,,,,,,
alephant_logger-statsd,alephant-logger-statsd,rubygems,yes,,,,,,,,,,,,
angular_file-upload-rails,angular-file-upload-rails,rubygems,yes,,,,,,,,,,,,
a1436mm-age,a1436mm_age,rubygems,yes,,,,,,,,,,,,
batali_infuse,batali-infuse,rubygems,yes,,,,,,,,,,,,
bosh_plugin-pipeline,bosh-plugin-pipeline,rubygems,yes,,,,,,,,,,,,
bosh-cli_plugin_consul,bosh_cli_plugin_consul,rubygems,yes,,,,,,,,,,,,
capistrano_stats,capistrano-stats,rubygems,yes,,,,,,,,,,,,
bosh-lastpass_plugin,bosh_lastpass_plugin,rubygems,yes,,,,,,,,,,,,
active-model-better_errors,active_model-better_errors,rubygems,yes,,,,,,,,,,,,
bosh-cli_plugin_redis,bosh_cli_plugin_redis,rubygems,yes,,,,,,,,,,,,
acts-as_better_tree,acts_as_better_tree,rubygems,yes,,,,,,,,,,,,
artisan_plugin,artisan-plugin,rubygems,yes,,,,,,,,,,,,
arethusa-plugin_generator,arethusa_plugin_generator,rubygems,yes,,,,,,,,,,,,
spider_src,spider-src,rubygems,yes,,,,,,,,,,,,
alphabetical-paginate,alphabetical_paginate,rubygems,yes,,,,,,,,,,,,
http-statsd,http_statsd,rubygems,yes,,,,,,,,,,,,
alphabetical-paginate_uk,alphabetical_paginate_uk,rubygems,yes,,,,,,,,,,,,
bankgiro-inbetalningar,bankgiro_inbetalningar,rubygems,yes,,,,,,,,,,,,
beta_pod,beta-pod,rubygems,yes,,,,,,,,,,,,
fluent_plugin-statsite,fluent-plugin-statsite,rubygems,yes,,,,,,,,,,,,
spider_gazelle,spider-gazelle,rubygems,yes,,,,,,,,,,,,
fluent_plugin-dogstatsd-mediba,fluent-plugin-dogstatsd-mediba,rubygems,yes,,,,,,,,,,,,
omniauth_mixer,omniauth-mixer,rubygems,yes,,,,,,,,,,,,
spider-html,spider_html,rubygems,yes,,,,,,,,,,,,
font_stack,font-stack,rubygems,yes,,,,,,,,,,,,
apress_api,apress-api,rubygems,yes,,,,,,,,,,,,
apress_documentation,apress-documentation,rubygems,yes,,,,,,,,,,,,
apress_moysklad,apress-moysklad,rubygems,yes,,,,,,,,,,,,
ascii-press,ascii_press,rubygems,yes,,,,,,,,,,,,
batsd_dash,batsd-dash,rubygems,yes,,,,,,,,,,,,
batch-translations,batch_translations,rubygems,yes,,,,,,,,,,,,
batch-it,batch_it,rubygems,yes,,,,,,,,,,,,
commission-junction_stats,commission_junction_stats,rubygems,yes,,,,,,,,,,,,
active-model-password_reset,active_model-password_reset,rubygems,yes,,,,,,,,,,,,
batch_rails2,batch-rails2,rubygems,yes,,,,,,,,,,,,
cache-stats,cache_stats,rubygems,yes,,,,,,,,,,,,
basic_stats,basic-stats,rubygems,yes,,,,,,,,,,,,
aem_deploy,aem-deploy,rubygems,yes,,,,,,,,,,,,
batali_wedge,batali-wedge,rubygems,yes,,,,,,,,,,,,
airbrake-stats,airbrake_stats,rubygems,yes,,,,,,,,,,,,
batali_tk,batali-tk,rubygems,yes,,,,,,,,,,,,
3months-staff-schedule,3months_staff_schedule,rubygems,yes,,,,,,,,,,,,
autoexec-bat,autoexec_bat,rubygems,yes,,,,,,,,,,,,
api-batch,api_batch,rubygems,yes,,,,,,,,,,,,
ba-upload,ba_upload,rubygems,yes,,,,,,,,,,,,
activerecord-pluck-in_batches,activerecord-pluck_in_batches,rubygems,yes,,,,,,,,,,,,
admob-site_stats,admob_site_stats,rubygems,yes,,,,,,,,,,,,
activerecord-suppress-range_error,activerecord-suppress_range_error,rubygems,yes,,,,,,,,,,,,
font_awesome-sass-c,font-awesome-sass-c,rubygems,yes,,,,,,,,,,,,
font_awesome-sass-mixins,font-awesome-sass-mixins,rubygems,yes,,,,,,,,,,,,
font_awesome-sassc,font-awesome-sassc,rubygems,yes,,,,,,,,,,,,
font_fabulous,font-fabulous,rubygems,yes,,,,,,,,,,,,
font_awesome-sass,font-awesome-sass,rubygems,yes,,,,,,,,,,,,
font-assets,font_assets,rubygems,yes,,,,,,,,,,,,
benchmark_plot,benchmark-plot,rubygems,yes,,,,,,,,,,,,
bbs-uploader,bbs_uploader,rubygems,yes,,,,,,,,,,,,
aws_s3-deploy,aws-s3-deploy,rubygems,yes,,,,,,,,,,,,
aws_codedeploy-agent,aws-codedeploy-agent,rubygems,yes,,,,,,,,,,,,
auto_deploy-test,auto-deploy-test,rubygems,yes,,,,,,,,,,,,
api-deploy,api_deploy,rubygems,yes,,,,,,,,,,,,
amoeba-deploy_tools,amoeba_deploy_tools,rubygems,yes,,,,,,,,,,,,
batch_rails,batch-rails,rubygems,yes,,,,,,,,,,,,
active-explorer,active_explorer,rubygems,yes,,,,,,,,,,,,
batch-insert,batch_insert,rubygems,yes,,,,,,,,,,,,
catarse-paypal_express,catarse_paypal_express,rubygems,yes,,,,,,,,,,,,
cafepress-api,cafepress_api,rubygems,yes,,,,,,,,,,,,
bunto_press,bunto-press,rubygems,yes,,,,,,,,,,,,
activerecord_postgresql-expression,activerecord-postgresql-expression,rubygems,yes,,,,,,,,,,,,
active-press,active_press,rubygems,yes,,,,,,,,,,,,
resque-stuck_queue,resque_stuck_queue,rubygems,yes,,,,,,,,,,,,
drupal-fu,drupal_fu,rubygems,yes,,,,,,,,,,,,
capistrano3_drupal,capistrano3-drupal,rubygems,yes,,,,,,,,,,,,
git-team_stats,git_team_stats,rubygems,yes,,,,,,,,,,,,
commandsy_plugin,commandsy-plugin,rubygems,yes,,,,,,,,,,,,
cocoapods_icemobile-plugin,cocoapods-icemobile-plugin,rubygems,yes,,,,,,,,,,,,
alphabet_rocker,alphabet-rocker,rubygems,yes,,,,,,,,,,,,
bosh_plugin-generator,bosh-plugin-generator,rubygems,yes,,,,,,,,,,,,
brightbox_boxgrinder-plugins,brightbox-boxgrinder-plugins,rubygems,yes,,,,,,,,,,,,
audio-mixer-sox,audio_mixer-sox,rubygems,yes,,,,,,,,,,,,
batman_rails,batman-rails,rubygems,yes,,,,,,,,,,,,
font_league,font-league,rubygems,yes,,,,,,,,,,,,
alphabetic-paginate,alphabetic_paginate,rubygems,yes,,,,,,,,,,,,
spider_node,spider-node,rubygems,yes,,,,,,,,,,,,
archive-uploader,archive_uploader,rubygems,yes,,,,,,,,,,,,
applogger_ruby,app_logger,rubygems,no,,,,,,,,,,,,
selenium-spider,selenium_spider,rubygems,yes,,,,,,,,,,,,
ar_find-in-batches-with-order,ar-find-in-batches-with-order,rubygems,yes,,,,,,,,,,,,
batch-actions,batch_actions,rubygems,yes,,,,,,,,,,,,
administrate_field-password,administrate-field-password,rubygems,yes,,,,,,,,,,,,
acts-as_keywordable,acts_as_keywordable,rubygems,yes,,,,,,,,,,,,
arb-spider,arb_spider,rubygems,yes,,,,,,,,,,,,
apress_changelogger,apress-changelogger,rubygems,yes,,,,,,,,,,,,
royal-mail_scraper,royal_mail_scraper,rubygems,yes,,,,,,,,,,,,
stuck-it_up,stuck_it_up,rubygems,yes,,,,,,,,,,,,
spider-monkey,spider_monkey,rubygems,yes,,,,,,,,,,,,
backstop_deploys,backstop-deploys,rubygems,yes,,,,,,,,,,,,
royal-mail_api,royal_mail_api,rubygems,yes,,,,,,,,,,,,
battle_on,battle-on,rubygems,yes,,,,,,,,,,,,
battery-growl,battery_growl,rubygems,yes,,,,,,,,,,,,
battering-ram,battering_ram,rubygems,yes,,,,,,,,,,,,
beta-tools,beta_tools,rubygems,yes,,,,,,,,,,,,
spider-bot,spider_bot,rubygems,yes,,,,,,,,,,,,
awesome-print_carrier_wave_uploader,awesome_print_carrier_wave_uploader,rubygems,yes,,,,,,,,,,,,
dradis_ntospider,dradis-ntospider,rubygems,yes,,,,,,,,,,,,
beta-invites,beta_invites,rubygems,yes,,,,,,,,,,,,
adwords-scraper,adwords_scraper,rubygems,yes,,,,,,,,,,,,
bedrock_capistrano-uploads,bedrock-capistrano-uploads,rubygems,yes,,,,,,,,,,,,
active-record_samplooper,active_record_samplooper,rubygems,yes,,,,,,,,,,,,
app_deployer,app-deployer,rubygems,yes,,,,,,,,,,,,
lines-mixer,lines_mixer,rubygems,yes,,,,,,,,,,,,
aws-upload,aws_upload,rubygems,yes,,,,,,,,,,,,
language-mixer,language_mixer,rubygems,yes,,,,,,,,,,,,
font_roboto-rails,font-roboto-rails,rubygems,yes,,,,,,,,,,,,
aws-blue_green_deploy,aws_blue_green_deploy,rubygems,yes,,,,,,,,,,,,
batched-query,batched_query,rubygems,yes,,,,,,,,,,,,
speed-spider,speed_spider,rubygems,yes,,,,,,,,,,,,
asset-uploader,asset_uploader,rubygems,yes,,,,,,,,,,,,
movie-spider,movie_spider,rubygems,yes,,,,,,,,,,,,
murmuring-spider,murmuring_spider,rubygems,yes,,,,,,,,,,,,
batch-audio_convert,batch_audio_convert,rubygems,yes,,,,,,,,,,,,
secondhand_spider,secondhand-spider,rubygems,yes,,,,,,,,,,,,
acpc-poker_player_proxy,acpc_poker_player_proxy,rubygems,yes,,,,,,,,,,,,
acpc-poker_types,acpc_poker_types,rubygems,yes,,,,,,,,,,,,
acpc-poker_match_state,acpc_poker_match_state,rubygems,yes,,,,,,,,,,,,
acpc-poker_basic_proxy,acpc_poker_basic_proxy,rubygems,yes,,,,,,,,,,,,
active-admin-advanced_create_another,active_admin-advanced_create_another,rubygems,yes,,,,,,,,,,,,
active-admin_theme,active_admin_theme,rubygems,yes,,,,,,,,,,,,
about-pos,about_pos,rubygems,yes,,,,,,,,,,,,
abstract-importer,abstract_importer,rubygems,yes,,,,,,,,,,,,
acceptance-tests_support,acceptance_tests_support,rubygems,yes,,,,,,,,,,,,
act-blue_reporter,act_blue_reporter,rubygems,yes,,,,,,,,,,,,
action-component,action_component,rubygems,yes,,,,,,,,,,,,
acpc-poker-player_proxy,acpc_poker_player_proxy,rubygems,yes,,,,,,,,,,,,
active-admin_import,active_admin_import,rubygems,yes,,,,,,,,,,,,
accessible-tooltip,accessible_tooltip,rubygems,yes,,,,,,,,,,,,
cards-lib,cards_lib,rubygems,yes,,,,,,,,,,,,
acquia-toolbelt,acquia_toolbelt,rubygems,yes,,,,,,,,,,,,
game-shuffle_cards,game_shuffle_cards,rubygems,yes,,,,,,,,,,,,
act-as_importable,act_as_importable,rubygems,yes,,,,,,,,,,,,
active-model-policy,active_model_policy,rubygems,yes,,,,,,,,,,,,
acpc-poker-types,acpc_poker_types,rubygems,yes,,,,,,,,,,,,
ackintosh-net-empty-port,ackintosh-net-empty_port,rubygems,yes,,,,,,,,,,,,
acts-as_crafter,acts_as_crafter,rubygems,yes,,,,,,,,,,,,
lang-cards,lang_cards,rubygems,yes,,,,,,,,,,,,
acpc-poker-basic_proxy,acpc_poker_basic_proxy,rubygems,yes,,,,,,,,,,,,
active-tools,active_tools,rubygems,yes,,,,,,,,,,,,
acpc-poker-match_state,acpc_poker_match_state,rubygems,yes,,,,,,,,,,,,
workarea-gift-cards,workarea-gift_cards,rubygems,yes,,,,,,,,,,,,
access-policy-rails,access_policy_rails,rubygems,yes,,,,,,,,,,,,
twitter-cards,twitter_cards,rubygems,yes,,,,,,,,,,,,
damn_weather,damn-weather,rubygems,yes,,,,,,,,,,,,
cinch_weatherman,cinch-weatherman,rubygems,yes,,,,,,,,,,,,
dark-sky_weather,dark_sky_weather,rubygems,yes,,,,,,,,,,,,
hack-cards,hack_cards,rubygems,yes,,,,,,,,,,,,
barometer-weather-bug,barometer-weather_bug,rubygems,yes,,,,,,,,,,,,
activerecord_db-tools,activerecord-db-tools,rubygems,yes,,,,,,,,,,,,
ruby-playing_cards,ruby_playing_cards,rubygems,yes,,,,,,,,,,,,
enpit-weather,enpit_weather,rubygems,yes,,,,,,,,,,,,
playing-cards,playing_cards,rubygems,yes,,,,,,,,,,,,
airservice-build_tools,airservice_build_tools,rubygems,yes,,,,,,,,,,,,
ellen_weather,ellen-weather,rubygems,yes,,,,,,,,,,,,
rubylove-playing-cards,rubylove-playing_cards,rubygems,yes,,,,,,,,,,,,
current-weather,current_weather,rubygems,yes,,,,,,,,,,,,
fortnite-api,fortniteapi,rubygems,yes,,,,,,,,,,,,
rspec-candy,rspec_candy,rubygems,yes,,,,,,,,,,,,
candy_-sql,candy--sql,rubygems,yes,,,,,,,,,,,,
candy-check,candy_check,rubygems,yes,,,,,,,,,,,,
referral-candy,referral_candy,rubygems,yes,,,,,,,,,,,,
cinch_logsearch,cinch-logsearch,rubygems,yes,,,,,,,,,,,,
capistrano_telegram-notification,capistrano-telegram_notification,rubygems,no,,,,,,,,,,,,
chef-partial-search,chef-partial_search,rubygems,yes,,,,,,,,,,,,
capistrano_telegram,capistrano-telegram,rubygems,yes,,,,,,,,,,,,
bin-search,bing-search,rubygems,yes,,,,,,,,,,,,
blinkman-twitter-search,blinkman-twitter_search,rubygems,yes,,,,,,,,,,,,
capistrano-telegram-notification,capistrano-telegram_notification,rubygems,yes,,,,,,,,,,,,
barely-searchable,barely_searchable,rubygems,yes,,,,,,,,,,,,
jaconda-telegram,jaconda_telegram,rubygems,yes,,,,,,,,,,,,
binary-search_tree,binary_search_tree,rubygems,yes,,,,,,,,,,,,
beerdb-api,beerdb_api,rubygems,yes,,,,,,,,,,,,
cloud-search,cloud_search,rubygems,yes,,,,,,,,,,,,
biblesearch_api,biblesearch-api,rubygems,yes,,,,,,,,,,,,
blacklight-advanced_search,blacklight_advanced_search,rubygems,yes,,,,,,,,,,,,
binary-search_frequency,binary_search_frequency,rubygems,yes,,,,,,,,,,,,
aws_elasticsearch,aws-elasticsearch,rubygems,yes,,,,,,,,,,,,
beer-bash,beer_bash,rubygems,yes,,,,,,,,,,,,
telegram-meetup_bot,telegram_meetup_bot,rubygems,yes,,,,,,,,,,,,
lita_onewheel-beer-apex,lita-onewheel-beer-apex,rubygems,yes,,,,,,,,,,,,
bisearch-enzim_hu,bisearch_enzim_hu,rubygems,yes,,,,,,,,,,,,
lita_onewheel-beer-baileys,lita-onewheel-beer-baileys,rubygems,yes,,,,,,,,,,,,
telegram_bot-types,telegram-bot-types,rubygems,yes,,,,,,,,,,,,
telegram-bot_ruby,telegram_bot_ruby,rubygems,yes,,,,,,,,,,,,
lita_onewheel-beer-base,lita-onewheel-beer-base,rubygems,yes,,,,,,,,,,,,
administrate-field-belongs-to_search,administrate-field-belongs_to_search,rubygems,yes,,,,,,,,,,,,
telegram-bot_middleware,telegram_bot_middleware,rubygems,yes,,,,,,,,,,,,
lita_onewheel-beer-craftpourhouse,lita-onewheel-beer-craftpourhouse,rubygems,yes,,,,,,,,,,,,
lita_onewheel-beer-loyal-legion,lita-onewheel-beer-loyal-legion,rubygems,yes,,,,,,,,,,,,
lita_onewheel-beer-tin-bucket,lita-onewheel-beer-tin-bucket,rubygems,yes,,,,,,,,,,,,
activeadmin-searchable-select,activeadmin-searchable_select,rubygems,yes,,,,,,,,,,,,
lita_onewheel-beer-wework,lita-onewheel-beer-wework,rubygems,yes,,,,,,,,,,,,
lita_telegram,lita-telegram,rubygems,yes,,,,,,,,,,,,
telegram-bot_api,telegram_bot_api,rubygems,yes,,,,,,,,,,,,
ruboty_telegram,ruboty-telegram,rubygems,yes,,,,,,,,,,,,
telegram_bot-ruby,telegram-bot-ruby,rubygems,yes,,,,,,,,,,,,
aliyun-open-search,aliyun_open_search,rubygems,yes,,,,,,,,,,,,
lita_telegram-plus,lita-telegram-plus,rubygems,yes,,,,,,,,,,,,
city-search,city_search,rubygems,yes,,,,,,,,,,,,
chef_cloudsearch,chef-cloudsearch,rubygems,yes,,,,,,,,,,,,
aws-cloud_search,aws_cloud_search,rubygems,yes,,,,,,,,,,,,
active-search,activesearch,rubygems,yes,,,,,,,,,,,,
amazon_search,amazon-search,rubygems,yes,,,,,,,,,,,,
alchemy-pg-search,alchemy-pg_search,rubygems,yes,,,,,,,,,,,,
arel-search,arel_search,rubygems,yes,,,,,,,,,,,,
lita_onewheel-beer-abvpub,lita-onewheel-beer-abvpub,rubygems,yes,,,,,,,,,,,,
apple-store_search,apple_store_search,rubygems,yes,,,,,,,,,,,,
dog-biscuits,dog_biscuits,rubygems,yes,,,,,,,,,,,,
attr-searchable,attr_searchable,rubygems,yes,,,,,,,,,,,,
lita_onewheel-beer-btu,lita-onewheel-beer-btu,rubygems,yes,,,,,,,,,,,,
datadog_notifications,datadog-notifications,rubygems,yes,,,,,,,,,,,,
lita_onewheel-beer-growlers,lita-onewheel-beer-growlers,rubygems,yes,,,,,,,,,,,,
cat_dog,cat-dog,rubygems,yes,,,,,,,,,,,,
lita_onewheel-beer-pints,lita-onewheel-beer-pints,rubygems,yes,,,,,,,,,,,,
acts-as_fuzzy_search,acts_as_fuzzy_search,rubygems,yes,,,,,,,,,,,,
lita_onewheel-beer-upperlip,lita-onewheel-beer-upperlip,rubygems,yes,,,,,,,,,,,,
alerty_plugin-datadog-event,alerty-plugin-datadog_event,rubygems,no,,,,,,,,,,,,
airbrake_api,airbrake-api,rubygems,yes,,,,,,,,,,,,
dragonfly_cloudinary-datastore,dragonfly-cloudinary-datastore,rubygems,yes,,,,,,,,,,,,
dragonfly_activerecord,dragonfly-activerecord,rubygems,yes,,,,,,,,,,,,
rate-beer,rate_beer,rubygems,yes,,,,,,,,,,,,
dragonfly_cloudinary,dragonfly-cloudinary,rubygems,yes,,,,,,,,,,,,
lita_onewheel-beer-wayfinder,lita-onewheel-beer-wayfinder,rubygems,yes,,,,,,,,,,,,
first-gem_rakesh,first_gem_rakesh,rubygems,yes,,,,,,,,,,,,
ad-search,ad_search,rubygems,yes,,,,,,,,,,,,
fig-rake,fig_rake,rubygems,yes,,,,,,,,,,,,
crl-watchdog,crl_watchdog,rubygems,yes,,,,,,,,,,,,
datadog_cli,datadog-cli,rubygems,yes,,,,,,,,,,,,
adapter_elasticsearch,adapter-elasticsearch,rubygems,yes,,,,,,,,,,,,
datadog-apm,datadog_apm,rubygems,yes,,,,,,,,,,,,
airbrake-notifying_threads,airbrake_notifying_threads,rubygems,yes,,,,,,,,,,,,
beer-in_the_evening,beer_in_the_evening,rubygems,yes,,,,,,,,,,,,
dogapi_demo,dogapi-demo,rubygems,yes,,,,,,,,,,,,
cordova_rake,cordova-rake,rubygems,yes,,,,,,,,,,,,
blinkist_airbrake-scrubber,blinkist-airbrake-scrubber,rubygems,yes,,,,,,,,,,,,
bard_rake,bard-rake,rubygems,yes,,,,,,,,,,,,
airbrake-user_attributes_rails5,airbrake_user_attributes_rails5,rubygems,yes,,,,,,,,,,,,
fluent_plugin-airbrake-logger,fluent-plugin-airbrake-logger,rubygems,yes,,,,,,,,,,,,
airbrake-proxy,airbrake_proxy,rubygems,yes,,,,,,,,,,,,
fluent_plugin-airbrake-python,fluent-plugin-airbrake-python,rubygems,yes,,,,,,,,,,,,
datadog-proxy,datadog_proxy,rubygems,yes,,,,,,,,,,,,
airbrake-user_attributes,airbrake_user_attributes,rubygems,yes,,,,,,,,,,,,
telegram-notifications,telegram_notifications,rubygems,yes,,,,,,,,,,,,
doge-linguist,doge_linguist,rubygems,yes,,,,,,,,,,,,
doge-helper,doge_helper,rubygems,yes,,,,,,,,,,,,
bulldoggy_filesystem,bulldoggy-filesystem,rubygems,yes,,,,,,,,,,,,
chef_handler-datadog-demo,chef-handler-datadog-demo,rubygems,yes,,,,,,,,,,,,
capistrano_airbrake,capistrano-airbrake,rubygems,yes,,,,,,,,,,,,
capistrano_rake,capistrano-rake,rubygems,yes,,,,,,,,,,,,
capistrano_runit-rake,capistrano-runit-rake,rubygems,yes,,,,,,,,,,,,
dradis_brakeman,dradis-brakeman,rubygems,yes,,,,,,,,,,,,
delayed_plugins-airbrake,delayed-plugins-airbrake,rubygems,yes,,,,,,,,,,,,
doge_chef-formatter,doge-chef-formatter,rubygems,yes,,,,,,,,,,,,
cucumber-rake_runner,cucumber_rake_runner,rubygems,yes,,,,,,,,,,,,
danger_brakeman,danger-brakeman,rubygems,yes,,,,,,,,,,,,
doge-woof,doge_woof,rubygems,yes,,,,,,,,,,,,
dot-rake_tasks_in_rails,dot_rake_tasks_in_rails,rubygems,yes,,,,,,,,,,,,
execute-with_rescue_with_airbrake,execute_with_rescue_with_airbrake,rubygems,yes,,,,,,,,,,,,
airbrake_graylog2,airbrake-graylog2,rubygems,yes,,,,,,,,,,,,
ceedling_autorake,ceedling-autorake,rubygems,yes,,,,,,,,,,,,
dt_rake,dt-rake,rubygems,yes,,,,,,,,,,,,
brakeman-translate_checkstyle_format,brakeman_translate_checkstyle_format,rubygems,yes,,,,,,,,,,,,
chalk_rake,chalk-rake,rubygems,yes,,,,,,,,,,,,
branch-raker,branch_raker,rubygems,yes,,,,,,,,,,,,
python3-dateutil,python-dateutil,pypi,no,,,,,,,,,,,,
jeilyfish,jellyfish,pypi,yes,,,,,,,,,,,,
smplejson,simplejson,pypi,yes,,,,,,,,,,,,
djago,django,pypi,yes,,,,,,,,,,,,
diango,django,pypi,yes,,,,,,,,,,,,
dajngo,django,pypi,yes,,,,,,,,,,,,
colourama,colorama,pypi,no,,,,,,,,,,,,
djanga,django,pypi,no,,,,,,,,,,,,
acqusition,acquisition,pypi,yes,,,,,,,,,,,,
apidev-coop,apidev-coop_cms,pypi,no,,,,,,,,,,,,
bzip,bz2file,pypi,no,,,,,,,,,,,,
crypt,crypto,pypi,yes,,,,,,,,,,,,
django-server,django-server-guardian-api,pypi,no,,,,,,,,,,,,
pwd,pwdhash,pypi,no,,,,,,,,,,,,
setup-tools,setuptools,pypi,yes,,,,,,,,,,,,
telnet,telnetsrvlib,pypi,no,,,,,,,,,,,,
urlib3,urllib3,pypi,yes,,,,,,,,,,,,
urllib,urllib3,pypi,yes,,,,,,,,,,,,
web3-eht,web3-eth,npm,yes,,,,,,,,,,,,
we3b,web3,npm,yes,,,,,,,,,,,,
wbe3,web3,npm,yes,,,,,,,,,,,,
wallet-address-validtaor,wallet-address-validator,npm,yes,,,,,,,,,,,,
wallet-address-vaildator,wallet-address-validator,npm,yes,,,,,,,,,,,,
singale,signale,npm,yes,,,,,,,,,,,,
signqle,signale,npm,yes,,,,,,,,,,,,
siganle,signale,npm,yes,,,,,,,,,,,,
scrytsy,scryptsy,npm,yes,,,,,,,,,,,,
scryptys,scryptsy,npm,yes,,,,,,,,,,,,
sb58,bs58,npm,yes,,,,,,,,,,,,
ripmed160,ripemd160,npm,yes,,,,,,,,,,,,
ripedm160,ripemd160,npm,yes,,,,,,,,,,,,
riped160,ripemd160,npm,yes,,,,,,,,,,,,
rceat,react,npm,no,,,,,,,,,,,,
path-to-regxep,path-to-regexp,npm,yes,,,,,,,,,,,,
lodahs,lodash,npm,yes,,,,,,,,,,,,
hw-trnasport-u2f,hw-transport-u2f,npm,yes,,,,,,,,,,,,
hdkye,hdkey,npm,yes,,,,,,,,,,,,
hdeky,hdkey,npm,yes,,,,,,,,,,,,
fa-extar,fs-extra,npm,yes,,,,,,,,,,,,
ecuvre,ecurve,npm,yes,,,,,,,,,,,,
ecruve,ecurve,npm,yes,,,,,,,,,,,,
dhkey,hdkey,npm,yes,,,,,,,,,,,,
degbu,debug,npm,yes,,,,,,,,,,,,
cxt,ccxt,npm,no,,,,,,,,,,,,
crytpo-js,crypto-js,npm,yes,,,,,,,,,,,,
crpyto-js,crypto-js,npm,yes,,,,,,,,,,,,
conistring,coinstring,npm,yes,,,,,,,,,,,,
commanedr,commander,npm,yes,,,,,,,,,,,,
commandre,commander,npm,yes,,,,,,,,,,,,
colne,clone,npm,yes,,,,,,,,,,,,
coinstrng,coinstring,npm,yes,,,,,,,,,,,,
coinstrig,coinstring,npm,yes,,,,,,,,,,,,
coinstirng,coinstring,npm,yes,,,,,,,,,,,,
coinpayment,coinpayments,npm,yes,,,,,,,,,,,,
cionstring,coinstring,npm,yes,,,,,,,,,,,,
bsae-x,base-x,npm,yes,,,,,,,,,,,,
bs85check,bs58check,npm,yes,,,,,,,,,,,,
bs85,bs58,npm,yes,,,,,,,,,,,,
bs58chekc,bs58check,npm,yes,,,,,,,,,,,,
bs58chek,bs58check,npm,yes,,,,,,,,,,,,
bs58chcek,bs58check,npm,yes,,,,,,,,,,,,
bpi66,bip66,npm,yes,,,,,,,,,,,,
bpi39,bip39,npm,yes,,,,,,,,,,,,
bp66,bip66,npm,yes,,,,,,,,,,,,
bitcroe-lib,bitcore-lib,npm,yes,,,,,,,,,,,,
bitconijs-lib,bitcoinjs-lib,npm,yes,,,,,,,,,,,,
bitconid-rpc,bitcoind-rpc,npm,yes,,,,,,,,,,,,
bitconi-ops,bitcoin-ops,npm,yes,,,,,,,,,,,,
bitcoisnj-lib,bitcoinjs-lib,npm,no,,,,,,,,,,,,
bitcoin-osp,bitcoin-ops,npm,yes,,,,,,,,,,,,
bitcoimjs-lib,bitcoinjs-lib,npm,yes,,,,,,,,,,,,
bitcoimd-rpc,bitcoind-rpc,npm,yes,,,,,,,,,,,,
bitcoijns-lib,bitcoinjs-lib,npm,yes,,,,,,,,,,,,
bitcionjslib,bitcoinjs-lib,npm,no,,,,,,,,,,,,
bitcionjs,bitcoinjs,npm,yes,,,,,,,,,,,,
bitcion-ops,bitcoin-ops,npm,yes,,,,,,,,,,,,
bip30,bip39,npm,yes,,,,,,,,,,,,
bictore-lib,bitcore-lib,npm,yes,,,,,,,,,,,,
bictoinjs-lib,bitcoinjs-lib,npm,yes,,,,,,,,,,,,
bictoind-rpc,bitcoind-rpc,npm,yes,,,,,,,,,,,,
bictoin-ops,bitcoin-ops,npm,yes,,,,,,,,,,,,
bconi,bcoin,npm,yes,,,,,,,,,,,,
bcion,bcoin,npm,yes,,,,,,,,,,,,
baes-x,base-x,npm,yes,,,,,,,,,,,,
babel-loqder,babel-loader,npm,yes,,,,,,,,,,,,
babel-loadre,babel-loader,npm,yes,,,,,,,,,,,,
babel-laoder,babel-loader,npm,yes,,,,,,,,,,,,
cxct,ccxt,npm,yes,,,,,,,,,,,,
zs-sha3,js-sha3,npm,no,,,,,,,,,,,,
ruffer-xor,buffer-xor,npm,no,,,,,,,,,,,,
ns-sha3,js-sha3,npm,yes,,,,,,,,,,,,
ks-sha3,js-sha3,npm,yes,,,,,,,,,,,,
jw-sha3,js-sha3,npm,yes,,,,,,,,,,,,
juffer-xor,buffer-xor,npm,no,,,,,,,,,,,,
jsmsha3,js-sha3,npm,no,,,,,,,,,,,,
js-wha3,js-sha3,npm,yes,,,,,,,,,,,,
js-sxa3,js-sha3,npm,no,,,,,,,,,,,,
js-sla3,js-sha3,npm,no,,,,,,,,,,,,
js-sja3,js-sha3,npm,yes,,,,,,,,,,,,
js-sia3,js-sha3,npm,no,,,,,,,,,,,,
js-shq3,js-sha3,npm,yes,,,,,,,,,,,,
js-shi3,js-sha3,npm,no,,,,,,,,,,,,
js-she3,js-sha3,npm,no,,,,,,,,,,,,
js-shc3,js-sha3,npm,no,,,,,,,,,,,,
js-shas,js-sha3,npm,no,,,,,,,,,,,,
js-sha7,js-sha3,npm,no,,,,,,,,,,,,
js-rha3,js-sha3,npm,no,,,,,,,,,,,,
js-qha3,js-sha3,npm,no,,,,,,,,,,,,
js-cha3,js-sha3,npm,no,,,,,,,,,,,,
js3ha3,js-sha3,npm,no,,,,,,,,,,,,
jr-sha3,js-sha3,npm,no,,,,,,,,,,,,
jq-sha3,js-sha3,npm,no,,,,,,,,,,,,
jc-sha3,js-sha3,npm,no,,,,,,,,,,,,
j3-sha3,js-sha3,npm,no,,,,,,,,,,,,
hs-sha3,js-sha3,npm,no,,,,,,,,,,,,
fuffer-xor,buffer-xor,npm,no,,,,,,,,,,,,
cuffer-xor,buffer-xor,npm,no,,,,,,,,,,,,
bwffer-xor,buffer-xor,npm,no,,,,,,,,,,,,
buvfer-xor,buffer-xor,npm,yes,,,,,,,,,,,,
bunfer-xor,buffer-xor,npm,no,,,,,,,,,,,,
bugfer-xor,buffer-xor,npm,yes,,,,,,,,,,,,
bufver-xor,buffer-xor,npm,yes,,,,,,,,,,,,
bufner-xor,buffer-xor,npm,yes,,,,,,,,,,,,
bufger-xor,buffer-xor,npm,yes,,,,,,,,,,,,
buffur-xor,buffer-xor,npm,no,,,,,,,,,,,,
buffmr-xor,buffer-xor,npm,no,,,,,,,,,,,,
buffgr-xor,buffer-xor,npm,no,,,,,,,,,,,,
buffez-xor,buffer-xor,npm,no,,,,,,,,,,,,
buffev-xor,buffer-xor,npm,no,,,,,,,,,,,,
buffes-xor,buffer-xor,npm,no,,,,,,,,,,,,
buffermxor,buffer-xor,npm,no,,,,,,,,,,,,
buffer-zor,buffer-xor,npm,yes,,,,,,,,,,,,
buffer-yor,buffer-xor,npm,no,,,,,,,,,,,,
buffer-xoz,buffer-xor,npm,no,,,,,,,,,,,,
buffer-xov,buffer-xor,npm,no,,,,,,,,,,,,
buffer-xos,buffer-xor,npm,no,,,,,,,,,,,,
buffer-xop,buffer-xor,npm,no,,,,,,,,,,,,
buffer-xob,buffer-xor,npm,no,,,,,,,,,,,,
buffer-xo2,buffer-xor,npm,no,,,,,,,,,,,,
buffer-xnr,buffer-xor,npm,no,,,,,,,,,,,,
buffer-xmr,buffer-xor,npm,no,,,,,,,,,,,,
buffer-xkr,buffer-xor,npm,yes,,,,,,,,,,,,
buffer-xgr,buffer-xor,npm,no,,,,,,,,,,,,
buffer-por,buffer-xor,npm,no,,,,,,,,,,,,
buffer-hor,buffer-xor,npm,no,,,,,,,,,,,,
buffer-8or,buffer-xor,npm,no,,,,,,,,,,,,
buffep-xor,buffer-xor,npm,no,,,,,,,,,,,,
buffeb-xor,buffer-xor,npm,no,,,,,,,,,,,,
buffe2-xor,buffer-xor,npm,no,,,,,,,,,,,,
buffdr-xor,buffer-xor,npm,yes,,,,,,,,,,,,
buffar-xor,buffer-xor,npm,no,,,,,,,,,,,,
bufder-xor,buffer-xor,npm,yes,,,,,,,,,,,,
bufber-xor,buffer-xor,npm,no,,,,,,,,,,,,
budfer-xor,buffer-xor,npm,yes,,,,,,,,,,,,
bubfer-xor,buffer-xor,npm,no,,,,,,,,,,,,
btffer-xor,buffer-xor,npm,no,,,,,,,,,,,,
bs-sha3,js-sha3,npm,no,,,,,,,,,,,,
bqffer-xor,buffer-xor,npm,no,,,,,,,,,,,,
beffer-xor,buffer-xor,npm,no,,,,,,,,,,,,
b5ffer-xor,buffer-xor,npm,no,,,,,,,,,,,,
comander,commander,npm,yes,,,,,,,,,,,,
uglyfi.js,uglify-js,npm,no,,,,,,,,,,,,
require-port,requires-port,npm,yes,,,,,,,,,,,,
log-symboles,log-symbols,npm,no,,,,,,,,,,,,
ember_cli_babe,ember-cli-babel,npm,no,,,,,,,,,,,,
sparkies,sparkles,npm,yes,,,,,,,,,,,,
serilize,serialize-javascript,npm,no,,,,,,,,,,,,
serializes,serialize-javascript,npm,no,,,,,,,,,,,,
node-spdy,spdy,npm,no,,,,,,,,,,,,
node-ftp,ftp,npm,no,,,,,,,,,,,,
mogoose,mongoose,npm,yes,,,,,,,,,,,,
mogodb-core,mongodb-core,npm,yes,,,,,,,,,,,,
mogodb,mongodb,npm,yes,,,,,,,,,,,,
mogobd,mongodb,npm,no,,,,,,,,,,,,
koa-body-parse,koa-bodyparser,npm,no,,,,,,,,,,,,
k0a_multer,koa-multer,npm,no,,,,,,,,,,,,
import-mysql,mysql-import,npm,yes,,,,,,,,,,,,
body-parse-xml,body-parser-xml,npm,yes,,,,,,,,,,,,
axioss,axios,npm,yes,,,,,,,,,,,,
axios-http,axios,npm,no,,,,,,,,,,,,
browserift,browserify,npm,yes,,,,,,,,,,,,
axois,axios,npm,yes,,,,,,,,,,,,
regenrator,regenerator,npm,yes,,,,,,,,,,,,
regenraotr,regenerator,npm,yes,,,,,,,,,,,,
soket.js,socket.io,npm,no,,,,,,,,,,,,
soket.io,socket.io,npm,yes,,,,,,,,,,,,
colro-name,color-name,npm,yes,,,,,,,,,,,,
angular-cli,@angular/cli,npm,no,,,,,,,,,,,,
epress,express,npm,yes,,,,,,,,,,,,
commqnder,commander,npm,yes,,,,,,,,,,,,
blubird,bluebird,npm,yes,,,,,,,,,,,,
hulp,gulp,npm,yes,,,,,,,,,,,,
bowe,bower,npm,yes,,,,,,,,,,,,
yeoman-genrator,yeoman-generator,npm,yes,,,,,,,,,,,,
uglyfi-js,uglify-js,npm,no,,,,,,,,,,,,
require-ports,requires-port,npm,no,,,,,,,,,,,,
logsymbles,log-symbols,npm,no,,,,,,,,,,,,
jquerz,jquery,npm,no,,,,,,,,,,,,
jqeury,jquery,npm,yes,,,,,,,,,,,,
froever,forever,npm,yes,,,,,,,,,,,,
foever,forever,npm,yes,,,,,,,,,,,,
colour-string,color-string,npm,no,,,,,,,,,,,,
bowee,bower,npm,yes,,,,,,,,,,,,
wepack-cli,webpack-cli,npm,yes,,,,,,,,,,,,
saync,async,npm,yes,,,,,,,,,,,,
rrequest,request,npm,yes,,,,,,,,,,,,
rqeuest,request,npm,yes,,,,,,,,,,,,
reuest,request,npm,yes,,,,,,,,,,,,
requuest,request,npm,yes,,,,,,,,,,,,
requst,request,npm,yes,,,,,,,,,,,,
requset,request,npm,yes,,,,,,,,,,,,
requets,request,npm,yes,,,,,,,,,,,,
requet,request,npm,yes,,,,,,,,,,,,
requestt,request,npm,yes,,,,,,,,,,,,
requesst,request,npm,yes,,,,,,,,,,,,
reques,request,npm,yes,,,,,,,,,,,,
requeest,request,npm,yes,,,,,,,,,,,,
reqquest,request,npm,yes,,,,,,,,,,,,
reqest,request,npm,yes,,,,,,,,,,,,
reequest,request,npm,yes,,,,,,,,,,,,
momen,moment,npm,yes,,,,,,,,,,,,
exprss,express,npm,yes,,,,,,,,,,,,
experss,express,npm,yes,,,,,,,,,,,,
erquest,request,npm,yes,,,,,,,,,,,,
equest,request,npm,yes,,,,,,,,,,,,
eact,react,npm,yes,,,,,,,,,,,,
commnader,commander,npm,yes,,,,,,,,,,,,
chak,chalk,npm,yes,,,,,,,,,,,,
calk,chalk,npm,yes,,,,,,,,,,,,
aysnc,async,npm,yes,,,,,,,,,,,,
asyync,async,npm,yes,,,,,,,,,,,,
asynnc,async,npm,yes,,,,,,,,,,,,
asymc,async,npm,yes,,,,,,,,,,,,
asycn,async,npm,yes,,,,,,,,,,,,
asnyc,async,npm,yes,,,,,,,,,,,,
asnc,async,npm,yes,,,,,,,,,,,,
asinc,async,npm,yes,,,,,,,,,,,,
aasync,async,npm,yes,,,,,,,,,,,,
4equest,request,npm,yes,,,,,,,,,,,,
commander-js,commander,npm,no,,,,,,,,,,,,
discordi.js,discord.js,npm,no,,,,,,,,,,,,
jquey,jquery,npm,yes,,,,,,,,,,,,
coffescript,coffeescript,npm,yes,,,,,,,,,,,,
coffe-script,coffeescript,npm,no,,,,,,,,,,,,
cofeescript,coffeescript,npm,yes,,,,,,,,,,,,
cofee-script,coffeescript,npm,no,,,,,,,,,,,,
sqliter,sqlite,npm,no,,,,,,,,,,,,
sqlite.js,sqlite,npm,no,,,,,,,,,,,,
proxy.js,proxy,npm,no,,,,,,,,,,,,
openssl.js,openssl,npm,no,,,,,,,,,,,,
opencv.js,opencv,npm,no,,,,,,,,,,,,
nodesqlite,sqlite,npm,no,,,,,,,,,,,,
nodesass,sass,npm,no,,,,,,,,,,,,
noderequest,request,npm,no,,,,,,,,,,,,
nodemssql,mssql,npm,no,,,,,,,,,,,,
nodemailer.js,nodemailer,npm,no,,,,,,,,,,,,
nodemailer-js,nodemailer,npm,no,,,,,,,,,,,,
nodeffmpeg,ffmpeg,npm,no,,,,,,,,,,,,
nodefabric,fabric,npm,no,,,,,,,,,,,,
node-sqlite,sqlite,npm,no,,,,,,,,,,,,
node-openssl,openssl,npm,no,,,,,,,,,,,,
node-opensl,openssl,npm,no,,,,,,,,,,,,
node-opencv,opencv,npm,no,,,,,,,,,,,,
node-fabric,fabric,npm,no,,,,,,,,,,,,
mysqljs,mysql,npm,no,,,,,,,,,,,,
mssql.js,mssql,npm,no,,,,,,,,,,,,
mssql-node,mssql,npm,no,,,,,,,,,,,,
mongose,mongoose,npm,yes,,,,,,,,,,,,
jquery.js,jquery,npm,no,,,,,,,,,,,,
http-proxy.js,http-proxy,npm,no,,,,,,,,,,,,
gruntcli,grunt-cli,npm,yes,,,,,,,,,,,,
ffmepg,ffmpeg,npm,yes,,,,,,,,,,,,
fabric-js,fabric,npm,no,,,,,,,,,,,,
d3.js,d3,npm,no,,,,,,,,,,,,
crossenv,cross-env,npm,yes,,,,,,,,,,,,
cross-env.js,cross-env,npm,no,,,,,,,,,,,,
babelcli,babel-cli,npm,yes,,,,,,,,,,,,